{"num_inputs": 100, "num_processes": null, "parallel_mode": "vmap", "expansion_method": "dyson", "chebyshev_order": 1, "expansion_order": 3, "n_steps": 50000, "zero_freq": false, "construction_time": 4.963249683380127, "sim_time": 298.1124846935272, "average_distance": 4.380042897458531e-06, "grad_time": 706.5224144458771}