{"num_inputs": 100, "num_processes": null, "parallel_mode": "vmap", "expansion_method": "dyson", "chebyshev_order": 2, "expansion_order": 3, "n_steps": 40000, "zero_freq": false, "construction_time": 13.876453876495361, "sim_time": 486.44337129592896, "average_distance": 8.533653192727222e-06, "grad_time": 1076.2230913639069}