{"num_inputs": 100, "num_processes": null, "parallel_mode": "vmap", "expansion_method": "dyson", "chebyshev_order": 2, "expansion_order": 3, "n_steps": 20000, "zero_freq": false, "construction_time": 15.212340593338013, "sim_time": 244.966295003891, "average_distance": 6.689985697367307e-05, "grad_time": 571.208310842514}