{"num_inputs": 100, "num_processes": null, "parallel_mode": "vmap", "expansion_method": "dyson", "chebyshev_order": 1, "expansion_order": 5, "n_steps": 10000, "zero_freq": false, "construction_time": 27.876173973083496, "sim_time": 284.7966752052307, "average_distance": 3.7531477975004187e-07, "grad_time": 618.9124584197998}