{"num_inputs": 100, "num_processes": null, "parallel_mode": "vmap", "expansion_method": "dyson", "chebyshev_order": 2, "expansion_order": 3, "n_steps": 50000, "zero_freq": false, "construction_time": 13.667183876037598, "sim_time": 602.4177298545837, "average_distance": 4.379874480561034e-06, "grad_time": 1298.2021503448486}