{"num_inputs": 100, "num_processes": null, "parallel_mode": "vmap", "expansion_method": "dyson", "chebyshev_order": 0, "expansion_order": 3, "n_steps": 50000, "zero_freq": false, "construction_time": 4.8571107387542725, "sim_time": 269.4258301258087, "average_distance": 4.382494975635384e-06, "grad_time": 442.9986593723297}