{"num_inputs": 100, "num_processes": null, "parallel_mode": "vmap", "expansion_method": "magnus", "chebyshev_order": 2, "expansion_order": 3, "n_steps": 30000, "zero_freq": false, "construction_time": 25.170593738555908, "sim_time": 2005.166716337204, "average_distance": 9.127756987606944e-08, "grad_time": 5579.004662036896}