{"num_inputs": 100, "num_processes": null, "parallel_mode": "vmap", "expansion_method": "magnus", "chebyshev_order": 0, "expansion_order": 2, "n_steps": 40000, "zero_freq": false, "construction_time": 3.0547471046447754, "sim_time": 1957.1568431854248, "average_distance": 2.264617692810522e-07, "grad_time": 5715.5215129852295}