{"num_inputs": 100, "num_processes": null, "parallel_mode": "vmap", "expansion_method": "magnus", "chebyshev_order": 2, "expansion_order": 3, "n_steps": 50000, "zero_freq": false, "construction_time": 16.587788343429565, "sim_time": 2880.288674592972, "average_distance": 1.1960562925753881e-08, "grad_time": 8102.292329788208}