{"num_inputs": 100, "num_processes": null, "parallel_mode": "vmap", "expansion_method": "magnus", "chebyshev_order": 1, "expansion_order": 5, "n_steps": 50000, "zero_freq": false, "construction_time": 115.96311950683594, "sim_time": 3224.6176495552063, "average_distance": 1.4612238700766059e-08, "grad_time": 8519.08351445198}