{"num_inputs": 100, "num_processes": null, "parallel_mode": "vmap", "expansion_method": "magnus", "chebyshev_order": 1, "expansion_order": 3, "n_steps": 50000, "zero_freq": false, "construction_time": 5.627736806869507, "sim_time": 2802.06831908226, "average_distance": 1.7583193157047612e-08, "grad_time": 7393.857167482376}