{"num_inputs": 100, "num_processes": null, "parallel_mode": "vmap", "expansion_method": "magnus", "chebyshev_order": 0, "expansion_order": 4, "n_steps": 10000, "zero_freq": false, "construction_time": 3.8383736610412598, "sim_time": 656.8255236148834, "average_distance": 2.183735172333484e-06, "grad_time": 2067.801244020462}