{"num_inputs": 100, "num_processes": null, "parallel_mode": "vmap", "expansion_method": "magnus", "chebyshev_order": 2, "expansion_order": 3, "n_steps": 20000, "zero_freq": false, "construction_time": 26.80316400527954, "sim_time": 1345.3236846923828, "average_distance": 4.523966580666069e-07, "grad_time": 3896.321108818054}