{"num_inputs": 100, "num_processes": null, "parallel_mode": "vmap", "expansion_method": "magnus", "chebyshev_order": 0, "expansion_order": 2, "n_steps": 30000, "zero_freq": false, "construction_time": 3.072028636932373, "sim_time": 1457.424235343933, "average_distance": 6.109065333575794e-07, "grad_time": 4378.061655521393}