{"num_inputs": 7000, "num_processes": 7000, "parallel_mode": "vmap", "tol": 1e-10, "evaluation_mode": "dense", "sim_time": 507.7429823875427, "grad_time": 5275.934288024902}