{"num_inputs": 100, "num_processes": null, "parallel_mode": "pmap", "tol": 1e-12, "evaluation_mode": "dense", "sim_time": 1116.2297823429108, "average_distance": 1.8504251395763101e-10, "grad_time": 5996.392735004425}