{"num_inputs": 100, "num_processes": null, "parallel_mode": "pmap", "tol": 1e-09, "evaluation_mode": "dense", "sim_time": 289.65320777893066, "average_distance": 4.820971254996737e-07, "grad_time": 1711.1554777622223}