{"num_inputs": 7000, "num_processes": null, "parallel_mode": "vmap", "expansion_method": "dyson", "chebyshev_order": 0, "expansion_order": 3, "n_steps": 30000, "zero_freq": false, "construction_time": 5.196971416473389, "sim_time": 63.31956100463867, "average_distance": 1.918541657013993e-05, "grad_time": 75.90476322174072}