{"num_inputs": 7000, "num_processes": null, "parallel_mode": "vmap", "expansion_method": "dyson", "chebyshev_order": 2, "expansion_order": 4, "n_steps": 10000, "zero_freq": false, "construction_time": 11.071819305419922, "sim_time": 82.90799975395203, "average_distance": 1.8781391091709539e-06, "grad_time": 138.73992776870728}