{"num_inputs": 7000, "num_processes": null, "parallel_mode": "vmap", "expansion_method": "dyson", "chebyshev_order": 1, "expansion_order": 3, "n_steps": 30000, "zero_freq": false, "construction_time": 7.079332590103149, "sim_time": 73.4592752456665, "average_distance": 1.9181138943391895e-05, "grad_time": 98.5149474143982}