{"num_inputs": 7000, "num_processes": null, "parallel_mode": "vmap", "expansion_method": "dyson", "chebyshev_order": 1, "expansion_order": 4, "n_steps": 40000, "zero_freq": false, "construction_time": 7.68481183052063, "sim_time": 114.27227735519409, "average_distance": 2.9790801602966413e-08, "grad_time": 197.45238733291626}