{"num_inputs": 7000, "num_processes": null, "parallel_mode": "vmap", "expansion_method": "dyson", "chebyshev_order": 0, "expansion_order": 3, "n_steps": 10000, "zero_freq": false, "construction_time": 5.695454120635986, "sim_time": 43.11059355735779, "average_distance": 0.0004707981157249405, "grad_time": 31.01572012901306}