{"num_inputs": 7000, "num_processes": null, "parallel_mode": "vmap", "expansion_method": "dyson", "chebyshev_order": 1, "expansion_order": 5, "n_steps": 10000, "zero_freq": false, "construction_time": 8.307276725769043, "sim_time": 70.3154468536377, "average_distance": 3.7689244707049253e-07, "grad_time": 103.69338512420654}