{"num_inputs": 7000, "num_processes": null, "parallel_mode": "vmap", "expansion_method": "dyson", "chebyshev_order": 2, "expansion_order": 3, "n_steps": 10000, "zero_freq": false, "construction_time": 8.11997675895691, "sim_time": 50.5891432762146, "average_distance": 0.0004707564126492542, "grad_time": 57.9629967212677}