{"num_inputs": 7000, "num_processes": null, "parallel_mode": "vmap", "expansion_method": "dyson", "chebyshev_order": 0, "expansion_order": 4, "n_steps": 10000, "zero_freq": false, "construction_time": 5.1912078857421875, "sim_time": 42.34123659133911, "average_distance": 3.390162220526162e-06, "grad_time": 33.358328104019165}