{"num_inputs": 7000, "num_processes": null, "parallel_mode": "vmap", "expansion_method": "dyson", "chebyshev_order": 2, "expansion_order": 3, "n_steps": 50000, "zero_freq": false, "construction_time": 8.32503366470337, "sim_time": 121.6104826927185, "average_distance": 4.1749557086341224e-06, "grad_time": 241.08640384674072}