{"num_inputs": 7000, "num_processes": null, "parallel_mode": "vmap", "expansion_method": "magnus", "chebyshev_order": 2, "expansion_order": 3, "n_steps": 40000, "zero_freq": false, "construction_time": 9.235780477523804, "sim_time": 545.7771224975586, "average_distance": 2.763817759147226e-08, "grad_time": 1858.5363938808441}