{"num_inputs": 7000, "num_processes": null, "parallel_mode": "vmap", "expansion_method": "magnus", "chebyshev_order": 1, "expansion_order": 3, "n_steps": 30000, "zero_freq": false, "construction_time": 8.510249137878418, "sim_time": 418.03388714790344, "average_distance": 9.162108665931458e-08, "grad_time": 1402.3872468471527}