{"num_inputs": 7000, "num_processes": null, "parallel_mode": "vmap", "expansion_method": "magnus", "chebyshev_order": 0, "expansion_order": 4, "n_steps": 20000, "zero_freq": false, "construction_time": 6.312430143356323, "sim_time": 281.52243185043335, "average_distance": 5.421335045987013e-07, "grad_time": 907.7897484302521}