{"num_inputs": 7000, "num_processes": null, "parallel_mode": "vmap", "expansion_method": "magnus", "chebyshev_order": 0, "expansion_order": 4, "n_steps": 30000, "zero_freq": false, "construction_time": 6.658701181411743, "sim_time": 406.43881726264954, "average_distance": 2.4056395566072946e-07, "grad_time": 1335.4960896968842}