{"num_inputs": 7000, "num_processes": null, "parallel_mode": "vmap", "expansion_method": "magnus", "chebyshev_order": 1, "expansion_order": 2, "n_steps": 30000, "zero_freq": false, "construction_time": 7.215528964996338, "sim_time": 398.02001690864563, "average_distance": 5.197390619700695e-07, "grad_time": 1343.744327545166}