{"num_inputs": 7000, "num_processes": null, "parallel_mode": "vmap", "expansion_method": "magnus", "chebyshev_order": 0, "expansion_order": 3, "n_steps": 50000, "zero_freq": false, "construction_time": 5.8292107582092285, "sim_time": 629.0986495018005, "average_distance": 8.674575822867601e-08, "grad_time": 2194.2885110378265}