{"num_inputs": 7000, "num_processes": null, "parallel_mode": "vmap", "expansion_method": "magnus", "chebyshev_order": 2, "expansion_order": 2, "n_steps": 30000, "zero_freq": false, "construction_time": 10.283305644989014, "sim_time": 410.438440322876, "average_distance": 5.252570454515582e-07, "grad_time": 1374.6617221832275}