{"num_inputs": 7000, "num_processes": null, "parallel_mode": "vmap", "expansion_method": "magnus", "chebyshev_order": 0, "expansion_order": 5, "n_steps": 50000, "zero_freq": false, "construction_time": 6.256041049957275, "sim_time": 635.322851896286, "average_distance": 8.652724613308851e-08, "grad_time": 2211.5181279182434}