{"num_inputs": 7000, "num_processes": null, "parallel_mode": "vmap", "expansion_method": "magnus", "chebyshev_order": 1, "expansion_order": 4, "n_steps": 10000, "zero_freq": false, "construction_time": 8.383357763290405, "sim_time": 167.1059410572052, "average_distance": 3.673546312044655e-07, "grad_time": 492.4101324081421}