{"num_inputs": 7000, "num_processes": null, "parallel_mode": "vmap", "expansion_method": "magnus", "chebyshev_order": 2, "expansion_order": 3, "n_steps": 30000, "zero_freq": false, "construction_time": 9.655454158782959, "sim_time": 423.4170961380005, "average_distance": 8.66991248859345e-08, "grad_time": 1403.9326255321503}