{"num_inputs": 7000, "num_processes": null, "parallel_mode": "vmap", "expansion_method": "magnus", "chebyshev_order": 2, "expansion_order": 5, "n_steps": 30000, "zero_freq": false, "construction_time": 190.7492651939392, "sim_time": 790.9475586414337, "average_distance": 1.326345444164491e-10, "grad_time": 2440.47310090065}