{"num_inputs": 7000, "num_processes": null, "parallel_mode": "vmap", "expansion_method": "magnus", "chebyshev_order": 2, "expansion_order": 3, "n_steps": 20000, "zero_freq": false, "construction_time": 9.596179485321045, "sim_time": 294.1750605106354, "average_distance": 4.296951456761335e-07, "grad_time": 944.1884911060333}